,text
8,"Determine the whether the tweet enclosed in square brackets is sarcastic or non-sarcastic,
            and return the answer as the corresponding label ""1"" for sarcastic or ""0"" for non-sarcastic.

            [Salah and Mane can‚Äôt get a goal today, nobody knows knows how Minamino or Origi would be able to get one] ="
9,"Determine the whether the tweet enclosed in square brackets is sarcastic or non-sarcastic,
            and return the answer as the corresponding label ""1"" for sarcastic or ""0"" for non-sarcastic.

            [It could dislodge this gang of lethal crooks so for the minute it's hot.] ="
11,"Determine the whether the tweet enclosed in square brackets is sarcastic or non-sarcastic,
            and return the answer as the corresponding label ""1"" for sarcastic or ""0"" for non-sarcastic.

            [They been ON US since the layover lol] ="
16,"Determine the whether the tweet enclosed in square brackets is sarcastic or non-sarcastic,
            and return the answer as the corresponding label ""1"" for sarcastic or ""0"" for non-sarcastic.

            [That purple patch must be continuing for Larne players. Tiernan hoping it ends soon] ="
18,"Determine the whether the tweet enclosed in square brackets is sarcastic or non-sarcastic,
            and return the answer as the corresponding label ""1"" for sarcastic or ""0"" for non-sarcastic.

            [And now doubled with further rises in the pipeline.] ="
19,"Determine the whether the tweet enclosed in square brackets is sarcastic or non-sarcastic,
            and return the answer as the corresponding label ""1"" for sarcastic or ""0"" for non-sarcastic.

            [So Tumi, this is what we‚Äôre doing?] ="
24,"Determine the whether the tweet enclosed in square brackets is sarcastic or non-sarcastic,
            and return the answer as the corresponding label ""1"" for sarcastic or ""0"" for non-sarcastic.

            [I would change the sentence a little and use different emojis: "" I really love it when I get to sit next to someone with no mask on the bus üòä!""] ="
26,"Determine the whether the tweet enclosed in square brackets is sarcastic or non-sarcastic,
            and return the answer as the corresponding label ""1"" for sarcastic or ""0"" for non-sarcastic.

            [Mateusz Klich is the worst PL footballer ever had since Paul Okon] ="
27,"Determine the whether the tweet enclosed in square brackets is sarcastic or non-sarcastic,
            and return the answer as the corresponding label ""1"" for sarcastic or ""0"" for non-sarcastic.

            [Bastani living in reality as always üòÇüòÇüòÇ] ="
28,"Determine the whether the tweet enclosed in square brackets is sarcastic or non-sarcastic,
            and return the answer as the corresponding label ""1"" for sarcastic or ""0"" for non-sarcastic.

            [Yeah another Kim Kardashian Instagram post.  What trash...both.] ="
40,"Determine the whether the tweet enclosed in square brackets is sarcastic or non-sarcastic,
            and return the answer as the corresponding label ""1"" for sarcastic or ""0"" for non-sarcastic.

            [I just looked at the lineup for newcastle I‚Äôm SOBBING] ="
41,"Determine the whether the tweet enclosed in square brackets is sarcastic or non-sarcastic,
            and return the answer as the corresponding label ""1"" for sarcastic or ""0"" for non-sarcastic.

            [I see windyspoons have taken all protective barriers of their bars. Sensible drinking policies from the desperate King of brexit.] ="
53,"Determine the whether the tweet enclosed in square brackets is sarcastic or non-sarcastic,
            and return the answer as the corresponding label ""1"" for sarcastic or ""0"" for non-sarcastic.

            [ginny should not have ended up with harry because she's too boring] ="
54,"Determine the whether the tweet enclosed in square brackets is sarcastic or non-sarcastic,
            and return the answer as the corresponding label ""1"" for sarcastic or ""0"" for non-sarcastic.

            [That wiseguy will be good once they straighten his jumping up. Big engine !] ="
62,"Determine the whether the tweet enclosed in square brackets is sarcastic or non-sarcastic,
            and return the answer as the corresponding label ""1"" for sarcastic or ""0"" for non-sarcastic.

            [Why is Rashford still on and Sancho out?? Hmmnnn....Daddy G.O....I no see this one okk] ="
63,"Determine the whether the tweet enclosed in square brackets is sarcastic or non-sarcastic,
            and return the answer as the corresponding label ""1"" for sarcastic or ""0"" for non-sarcastic.

            [So, this renders testing, and even getting vaccinated absolutely pointless. I wish I hadn't bothered üòï] ="
64,"Determine the whether the tweet enclosed in square brackets is sarcastic or non-sarcastic,
            and return the answer as the corresponding label ""1"" for sarcastic or ""0"" for non-sarcastic.

            [What Jimenez has just done has gotta be the closest thing to match fixing I‚Äôve seen in ages loooool idiot] ="
67,"Determine the whether the tweet enclosed in square brackets is sarcastic or non-sarcastic,
            and return the answer as the corresponding label ""1"" for sarcastic or ""0"" for non-sarcastic.

            [Wow, Chelsea bean beaten by West Ham, that was a day I had been looking forward to for a while.] ="
74,"Determine the whether the tweet enclosed in square brackets is sarcastic or non-sarcastic,
            and return the answer as the corresponding label ""1"" for sarcastic or ""0"" for non-sarcastic.

            [Can Gerrard do it for world peace today?] ="
79,"Determine the whether the tweet enclosed in square brackets is sarcastic or non-sarcastic,
            and return the answer as the corresponding label ""1"" for sarcastic or ""0"" for non-sarcastic.

            [Bare people sounding like the Aunties and Uncles WhatsApp chain messages with this vaccine talk. Crazy.] ="
81,"Determine the whether the tweet enclosed in square brackets is sarcastic or non-sarcastic,
            and return the answer as the corresponding label ""1"" for sarcastic or ""0"" for non-sarcastic.

            [Yeah those day 2 tests cost a f*cking fortune fair dooz] ="
94,"Determine the whether the tweet enclosed in square brackets is sarcastic or non-sarcastic,
            and return the answer as the corresponding label ""1"" for sarcastic or ""0"" for non-sarcastic.

            [I‚Äôm heading out to snag my COVID-19 inoculation. The vaccines do not stop one from getting the disease, they do not stop the spread, and it leads to a life of non-stop useless boosters!] ="
102,"Determine the whether the tweet enclosed in square brackets is sarcastic or non-sarcastic,
            and return the answer as the corresponding label ""1"" for sarcastic or ""0"" for non-sarcastic.

            [Let‚Äôs call her and start saying something stupid maybeü§î] ="
103,"Determine the whether the tweet enclosed in square brackets is sarcastic or non-sarcastic,
            and return the answer as the corresponding label ""1"" for sarcastic or ""0"" for non-sarcastic.

            [Really bro, thanks for the update‚∏Æ] ="
127,"Determine the whether the tweet enclosed in square brackets is sarcastic or non-sarcastic,
            and return the answer as the corresponding label ""1"" for sarcastic or ""0"" for non-sarcastic.

            [I‚Äôve completely lost my will power.  If anyone finds it please can you return it.] ="
133,"Determine the whether the tweet enclosed in square brackets is sarcastic or non-sarcastic,
            and return the answer as the corresponding label ""1"" for sarcastic or ""0"" for non-sarcastic.

            [Is the PM aware of any party's in the background while making his announcement] ="
140,"Determine the whether the tweet enclosed in square brackets is sarcastic or non-sarcastic,
            and return the answer as the corresponding label ""1"" for sarcastic or ""0"" for non-sarcastic.

            [It's so cold here in Britain :c who else loves apple pies?!!] ="
141,"Determine the whether the tweet enclosed in square brackets is sarcastic or non-sarcastic,
            and return the answer as the corresponding label ""1"" for sarcastic or ""0"" for non-sarcastic.

            [From the wilds of Africa] ="
145,"Determine the whether the tweet enclosed in square brackets is sarcastic or non-sarcastic,
            and return the answer as the corresponding label ""1"" for sarcastic or ""0"" for non-sarcastic.

            [The Tories standing by Fat Savile must be up to their eyes in it, only explanation.] ="
155,"Determine the whether the tweet enclosed in square brackets is sarcastic or non-sarcastic,
            and return the answer as the corresponding label ""1"" for sarcastic or ""0"" for non-sarcastic.

            [Right I need to wrap the Christmas  presents , can't put it off any longer 
üò≠üò§üå≤üéÅ] ="
162,"Determine the whether the tweet enclosed in square brackets is sarcastic or non-sarcastic,
            and return the answer as the corresponding label ""1"" for sarcastic or ""0"" for non-sarcastic.

            [Supporting Cardiff isn't good for your health.] ="
169,"Determine the whether the tweet enclosed in square brackets is sarcastic or non-sarcastic,
            and return the answer as the corresponding label ""1"" for sarcastic or ""0"" for non-sarcastic.

            [no cause this is so funny] ="
188,"Determine the whether the tweet enclosed in square brackets is sarcastic or non-sarcastic,
            and return the answer as the corresponding label ""1"" for sarcastic or ""0"" for non-sarcastic.

            [Just as we all get told to work from home again! ü§î] ="
195,"Determine the whether the tweet enclosed in square brackets is sarcastic or non-sarcastic,
            and return the answer as the corresponding label ""1"" for sarcastic or ""0"" for non-sarcastic.

            [All this sausage talk - Costa is now advertising this to us üòÇ] ="
205,"Determine the whether the tweet enclosed in square brackets is sarcastic or non-sarcastic,
            and return the answer as the corresponding label ""1"" for sarcastic or ""0"" for non-sarcastic.

            [I‚Äôm sure there‚Äôs an explanation‚Ä¶.. I mean there must be right?] ="
207,"Determine the whether the tweet enclosed in square brackets is sarcastic or non-sarcastic,
            and return the answer as the corresponding label ""1"" for sarcastic or ""0"" for non-sarcastic.

            [Pretty sure we won‚Äôt be happy until half the team is off injured tonight üò≠] ="
209,"Determine the whether the tweet enclosed in square brackets is sarcastic or non-sarcastic,
            and return the answer as the corresponding label ""1"" for sarcastic or ""0"" for non-sarcastic.

            [We're heading to Lowestoft for lunch. We've saved up four pounds each.] ="
210,"Determine the whether the tweet enclosed in square brackets is sarcastic or non-sarcastic,
            and return the answer as the corresponding label ""1"" for sarcastic or ""0"" for non-sarcastic.

            [Martial is so lazy, it will be the summer before he musters up the energy to go anywhere.] ="
211,"Determine the whether the tweet enclosed in square brackets is sarcastic or non-sarcastic,
            and return the answer as the corresponding label ""1"" for sarcastic or ""0"" for non-sarcastic.

            [Of course it‚Äôs raining when I‚Äôm due to go out tonight üëçüèª] ="
217,"Determine the whether the tweet enclosed in square brackets is sarcastic or non-sarcastic,
            and return the answer as the corresponding label ""1"" for sarcastic or ""0"" for non-sarcastic.

            [This is great because she could not have chosen a more smoking picture of 63 year old Madonna] ="
229,"Determine the whether the tweet enclosed in square brackets is sarcastic or non-sarcastic,
            and return the answer as the corresponding label ""1"" for sarcastic or ""0"" for non-sarcastic.

            [Man! She act like it ain‚Äôt tough for us out here in these Streets!] ="
234,"Determine the whether the tweet enclosed in square brackets is sarcastic or non-sarcastic,
            and return the answer as the corresponding label ""1"" for sarcastic or ""0"" for non-sarcastic.

            [Off sideüòè] ="
239,"Determine the whether the tweet enclosed in square brackets is sarcastic or non-sarcastic,
            and return the answer as the corresponding label ""1"" for sarcastic or ""0"" for non-sarcastic.

            [Several..love how you've omitted the number you oddball. 13 and counting to your...5?] ="
241,"Determine the whether the tweet enclosed in square brackets is sarcastic or non-sarcastic,
            and return the answer as the corresponding label ""1"" for sarcastic or ""0"" for non-sarcastic.

            [Wolves deserve to be beaten just for that.] ="
248,"Determine the whether the tweet enclosed in square brackets is sarcastic or non-sarcastic,
            and return the answer as the corresponding label ""1"" for sarcastic or ""0"" for non-sarcastic.

            [What was the point in vaccines? Just to pay pharmaceutical companies for nothing?] ="
264,"Determine the whether the tweet enclosed in square brackets is sarcastic or non-sarcastic,
            and return the answer as the corresponding label ""1"" for sarcastic or ""0"" for non-sarcastic.

            [Yet again. Give the ball away. They score. When, just when, will we learn] ="
267,"Determine the whether the tweet enclosed in square brackets is sarcastic or non-sarcastic,
            and return the answer as the corresponding label ""1"" for sarcastic or ""0"" for non-sarcastic.

            [Baffling that he wanted a ‚Äúsmall close knit squad‚Äù mind] ="
271,"Determine the whether the tweet enclosed in square brackets is sarcastic or non-sarcastic,
            and return the answer as the corresponding label ""1"" for sarcastic or ""0"" for non-sarcastic.

            [i want my ¬£500 back too] ="
284,"Determine the whether the tweet enclosed in square brackets is sarcastic or non-sarcastic,
            and return the answer as the corresponding label ""1"" for sarcastic or ""0"" for non-sarcastic.

            [The worst Guy Ritchie film ever and they didn't even use the P word ü§∑üèª‚Äç‚ôÄÔ∏è] ="
292,"Determine the whether the tweet enclosed in square brackets is sarcastic or non-sarcastic,
            and return the answer as the corresponding label ""1"" for sarcastic or ""0"" for non-sarcastic.

            [remember when we didn‚Äôt see new rules for 21 months] ="
293,"Determine the whether the tweet enclosed in square brackets is sarcastic or non-sarcastic,
            and return the answer as the corresponding label ""1"" for sarcastic or ""0"" for non-sarcastic.

            [If I had to die or live in Newham I would literally hang myself] ="
297,"Determine the whether the tweet enclosed in square brackets is sarcastic or non-sarcastic,
            and return the answer as the corresponding label ""1"" for sarcastic or ""0"" for non-sarcastic.

            [Who wrote 'wind the bobbin up'? 

Were they shot? Strangled? Or at least psychologically tortured for a long while.] ="
300,"Determine the whether the tweet enclosed in square brackets is sarcastic or non-sarcastic,
            and return the answer as the corresponding label ""1"" for sarcastic or ""0"" for non-sarcastic.

            [Omicron seems to be a big threat, I think we should drop inquiries into last years parties and focus on this instead.] ="
302,"Determine the whether the tweet enclosed in square brackets is sarcastic or non-sarcastic,
            and return the answer as the corresponding label ""1"" for sarcastic or ""0"" for non-sarcastic.

            [Nice step yup yup up ‚¨ÜÔ∏è] ="
312,"Determine the whether the tweet enclosed in square brackets is sarcastic or non-sarcastic,
            and return the answer as the corresponding label ""1"" for sarcastic or ""0"" for non-sarcastic.

            [I‚Äôm guessing Jack Doyle will be finding out what the underside of a bus looks like very, very soon then‚Ä¶.] ="
327,"Determine the whether the tweet enclosed in square brackets is sarcastic or non-sarcastic,
            and return the answer as the corresponding label ""1"" for sarcastic or ""0"" for non-sarcastic.

            [The outlook for weather in Manchester today is rain.] ="
329,"Determine the whether the tweet enclosed in square brackets is sarcastic or non-sarcastic,
            and return the answer as the corresponding label ""1"" for sarcastic or ""0"" for non-sarcastic.

            [Well. Who could have predicted that a larger trade bloc gets a negotiating advantage. Extraordinary. I wonder if David Davis knew that.] ="
330,"Determine the whether the tweet enclosed in square brackets is sarcastic or non-sarcastic,
            and return the answer as the corresponding label ""1"" for sarcastic or ""0"" for non-sarcastic.

            [Day 4 of the Ashes let‚Äôs gooooo] ="
333,"Determine the whether the tweet enclosed in square brackets is sarcastic or non-sarcastic,
            and return the answer as the corresponding label ""1"" for sarcastic or ""0"" for non-sarcastic.

            [Dreadful weather today. Make sure you‚Äôve got your Umbrella to hand üåÇüåÇüåÇ] ="
339,"Determine the whether the tweet enclosed in square brackets is sarcastic or non-sarcastic,
            and return the answer as the corresponding label ""1"" for sarcastic or ""0"" for non-sarcastic.

            [And why is he using his 2-Bob burner phone to zoom with?] ="
343,"Determine the whether the tweet enclosed in square brackets is sarcastic or non-sarcastic,
            and return the answer as the corresponding label ""1"" for sarcastic or ""0"" for non-sarcastic.

            [Such a coincidence that two of my favourite songs have the number 17 in] ="
347,"Determine the whether the tweet enclosed in square brackets is sarcastic or non-sarcastic,
            and return the answer as the corresponding label ""1"" for sarcastic or ""0"" for non-sarcastic.

            [That‚Äôs enough activism for today x] ="
349,"Determine the whether the tweet enclosed in square brackets is sarcastic or non-sarcastic,
            and return the answer as the corresponding label ""1"" for sarcastic or ""0"" for non-sarcastic.

            ['This guys stinks in the nostrils of decent people'
Quite a watch I have to say......] ="
352,"Determine the whether the tweet enclosed in square brackets is sarcastic or non-sarcastic,
            and return the answer as the corresponding label ""1"" for sarcastic or ""0"" for non-sarcastic.

            [why they talking about plan c when we‚Äôre all invited to a party at 10 Downing Street x] ="
359,"Determine the whether the tweet enclosed in square brackets is sarcastic or non-sarcastic,
            and return the answer as the corresponding label ""1"" for sarcastic or ""0"" for non-sarcastic.

            [Mendy dives after the ball hits the net!!!! Why didn‚Äôt he play like that against us üò°] ="
361,"Determine the whether the tweet enclosed in square brackets is sarcastic or non-sarcastic,
            and return the answer as the corresponding label ""1"" for sarcastic or ""0"" for non-sarcastic.

            [Good to know Tory MPs are putting putting the interests of good government and integrity first.] ="
368,"Determine the whether the tweet enclosed in square brackets is sarcastic or non-sarcastic,
            and return the answer as the corresponding label ""1"" for sarcastic or ""0"" for non-sarcastic.

            [And to think I let you touch my (actually correct) scone, on the right. For shame] ="
369,"Determine the whether the tweet enclosed in square brackets is sarcastic or non-sarcastic,
            and return the answer as the corresponding label ""1"" for sarcastic or ""0"" for non-sarcastic.

            [Lose some weight before restaurants ban  you lad.] ="
386,"Determine the whether the tweet enclosed in square brackets is sarcastic or non-sarcastic,
            and return the answer as the corresponding label ""1"" for sarcastic or ""0"" for non-sarcastic.

            [So he should the bowling wasn‚Äôt the problem] ="
390,"Determine the whether the tweet enclosed in square brackets is sarcastic or non-sarcastic,
            and return the answer as the corresponding label ""1"" for sarcastic or ""0"" for non-sarcastic.

            [Wow‚Ä¶ look at me‚Ä¶ am smart!

Yes, bicycles have a carbon footprint, but it‚Äôs lower than if everyone had a car.

Also, why do people have fetish to talk about Lycra all the time‚Ä¶] ="
391,"Determine the whether the tweet enclosed in square brackets is sarcastic or non-sarcastic,
            and return the answer as the corresponding label ""1"" for sarcastic or ""0"" for non-sarcastic.

            [Labour controlled Wales actively closing businesses down, says it all really] ="
393,"Determine the whether the tweet enclosed in square brackets is sarcastic or non-sarcastic,
            and return the answer as the corresponding label ""1"" for sarcastic or ""0"" for non-sarcastic.

            [Lucky I‚Äôm not going to that then‚Ä¶] ="
394,"Determine the whether the tweet enclosed in square brackets is sarcastic or non-sarcastic,
            and return the answer as the corresponding label ""1"" for sarcastic or ""0"" for non-sarcastic.

            [I‚Äôm gonna start posting daily rants on Twitter to sum up my life‚Äôs drama.. starting today! üòò] ="
410,"Determine the whether the tweet enclosed in square brackets is sarcastic or non-sarcastic,
            and return the answer as the corresponding label ""1"" for sarcastic or ""0"" for non-sarcastic.

            [Scott Bain is the only keeper in the world that doesn‚Äôt use his hands] ="
454,"Determine the whether the tweet enclosed in square brackets is sarcastic or non-sarcastic,
            and return the answer as the corresponding label ""1"" for sarcastic or ""0"" for non-sarcastic.

            [mygers is a joke, 2 away games out of 10 and one half the population got] ="
469,"Determine the whether the tweet enclosed in square brackets is sarcastic or non-sarcastic,
            and return the answer as the corresponding label ""1"" for sarcastic or ""0"" for non-sarcastic.

            [Dropping like flys be lucky to field a team next game] ="
472,"Determine the whether the tweet enclosed in square brackets is sarcastic or non-sarcastic,
            and return the answer as the corresponding label ""1"" for sarcastic or ""0"" for non-sarcastic.

            [No of course not because there are no decent people involved in these attacks on him] ="
475,"Determine the whether the tweet enclosed in square brackets is sarcastic or non-sarcastic,
            and return the answer as the corresponding label ""1"" for sarcastic or ""0"" for non-sarcastic.

            [Currently as we wait.. it's making a mockery of, Murder she Wrote.] ="
483,"Determine the whether the tweet enclosed in square brackets is sarcastic or non-sarcastic,
            and return the answer as the corresponding label ""1"" for sarcastic or ""0"" for non-sarcastic.

            [Just watched first two episodes of Just Like That! I don't think having half a bottle of red helped] ="
485,"Determine the whether the tweet enclosed in square brackets is sarcastic or non-sarcastic,
            and return the answer as the corresponding label ""1"" for sarcastic or ""0"" for non-sarcastic.

            [Played football tonight.

Am already suffering.

I am old.

That is all.] ="
510,"Determine the whether the tweet enclosed in square brackets is sarcastic or non-sarcastic,
            and return the answer as the corresponding label ""1"" for sarcastic or ""0"" for non-sarcastic.

            [Wee soros just a constant red card threat ü§¶üèº‚Äç‚ôÇÔ∏è] ="
521,"Determine the whether the tweet enclosed in square brackets is sarcastic or non-sarcastic,
            and return the answer as the corresponding label ""1"" for sarcastic or ""0"" for non-sarcastic.

            [Why they are as bad as libour.] ="
525,"Determine the whether the tweet enclosed in square brackets is sarcastic or non-sarcastic,
            and return the answer as the corresponding label ""1"" for sarcastic or ""0"" for non-sarcastic.

            [Just what does a man have to do to be manager of the month?] ="
532,"Determine the whether the tweet enclosed in square brackets is sarcastic or non-sarcastic,
            and return the answer as the corresponding label ""1"" for sarcastic or ""0"" for non-sarcastic.

            [‚Äúi think you‚Äôll find it pairs well with food‚Äù LMAO why am i jeff] ="
535,"Determine the whether the tweet enclosed in square brackets is sarcastic or non-sarcastic,
            and return the answer as the corresponding label ""1"" for sarcastic or ""0"" for non-sarcastic.

            [Starting on softs? Hmm.. wouldn‚Äôt make him favourite..] ="
538,"Determine the whether the tweet enclosed in square brackets is sarcastic or non-sarcastic,
            and return the answer as the corresponding label ""1"" for sarcastic or ""0"" for non-sarcastic.

            [Well it's a good question ü§î] ="
553,"Determine the whether the tweet enclosed in square brackets is sarcastic or non-sarcastic,
            and return the answer as the corresponding label ""1"" for sarcastic or ""0"" for non-sarcastic.

            [Volunteering my time tonight to fix up the punters of Leeds this evening. This should be an interesting shift üòÖ] ="
559,"Determine the whether the tweet enclosed in square brackets is sarcastic or non-sarcastic,
            and return the answer as the corresponding label ""1"" for sarcastic or ""0"" for non-sarcastic.

            [Why stop there? Let‚Äôs hear from a Night Club Specialist as well‚Ä¶] ="
566,"Determine the whether the tweet enclosed in square brackets is sarcastic or non-sarcastic,
            and return the answer as the corresponding label ""1"" for sarcastic or ""0"" for non-sarcastic.

            [I just love the smell of one million üòç] ="
567,"Determine the whether the tweet enclosed in square brackets is sarcastic or non-sarcastic,
            and return the answer as the corresponding label ""1"" for sarcastic or ""0"" for non-sarcastic.

            [Reminds me of the time I told the lads I‚Äôm getting a round in then asked them to pay them self] ="
568,"Determine the whether the tweet enclosed in square brackets is sarcastic or non-sarcastic,
            and return the answer as the corresponding label ""1"" for sarcastic or ""0"" for non-sarcastic.

            [Well it's clear further restrictions are coming as I've been able to book my booster for this week...ü§íü§ïü•¥] ="
574,"Determine the whether the tweet enclosed in square brackets is sarcastic or non-sarcastic,
            and return the answer as the corresponding label ""1"" for sarcastic or ""0"" for non-sarcastic.

            [Riches here, grab ‚Äòem while you can] ="
594,"Determine the whether the tweet enclosed in square brackets is sarcastic or non-sarcastic,
            and return the answer as the corresponding label ""1"" for sarcastic or ""0"" for non-sarcastic.

            [So school have sent out a really helpful newsletter with all key dates and activities. So many fun things arranged for the children.] ="
613,"Determine the whether the tweet enclosed in square brackets is sarcastic or non-sarcastic,
            and return the answer as the corresponding label ""1"" for sarcastic or ""0"" for non-sarcastic.

            [Once again the government tell us to do as they say, not as they do.] ="
621,"Determine the whether the tweet enclosed in square brackets is sarcastic or non-sarcastic,
            and return the answer as the corresponding label ""1"" for sarcastic or ""0"" for non-sarcastic.

            [Thank you for your response but a 3rd carriage might help next time!] ="
629,"Determine the whether the tweet enclosed in square brackets is sarcastic or non-sarcastic,
            and return the answer as the corresponding label ""1"" for sarcastic or ""0"" for non-sarcastic.

            [I can‚Äôt wait to spend Christmas with the family. Maybe one year I‚Äôll have a boyfriend to keep everyone quiet ü§£] ="
630,"Determine the whether the tweet enclosed in square brackets is sarcastic or non-sarcastic,
            and return the answer as the corresponding label ""1"" for sarcastic or ""0"" for non-sarcastic.

            [And that‚Äôs why we are utterly f*cked.] ="
636,"Determine the whether the tweet enclosed in square brackets is sarcastic or non-sarcastic,
            and return the answer as the corresponding label ""1"" for sarcastic or ""0"" for non-sarcastic.

            [Dominic Raab is a fucking clown. Pretty sure crimes have to happen to be able to investigate them, rather than be imaginary possibilities] ="
648,"Determine the whether the tweet enclosed in square brackets is sarcastic or non-sarcastic,
            and return the answer as the corresponding label ""1"" for sarcastic or ""0"" for non-sarcastic.

            [Best thing about being just under 5‚Äô is the fact I‚Äôm so easy to throw around üòÖ] ="
659,"Determine the whether the tweet enclosed in square brackets is sarcastic or non-sarcastic,
            and return the answer as the corresponding label ""1"" for sarcastic or ""0"" for non-sarcastic.

            [Hoping one will be Johnson doing the Locomotion.] ="
668,"Determine the whether the tweet enclosed in square brackets is sarcastic or non-sarcastic,
            and return the answer as the corresponding label ""1"" for sarcastic or ""0"" for non-sarcastic.

            [Really looking forward to this tonight! üëáüëá] ="
671,"Determine the whether the tweet enclosed in square brackets is sarcastic or non-sarcastic,
            and return the answer as the corresponding label ""1"" for sarcastic or ""0"" for non-sarcastic.

            [It's remarkable that somone who was caught out having retroactively edited his own blogs to make himself seem prescient still tries to act like he is a brilliant mind daring to say what others are afraid to.] ="
673,"Determine the whether the tweet enclosed in square brackets is sarcastic or non-sarcastic,
            and return the answer as the corresponding label ""1"" for sarcastic or ""0"" for non-sarcastic.

            [Urgh, just put my hand in something wet and I have no idea what it is! Children are so messy!] ="
676,"Determine the whether the tweet enclosed in square brackets is sarcastic or non-sarcastic,
            and return the answer as the corresponding label ""1"" for sarcastic or ""0"" for non-sarcastic.

            [Hey you need to stop wearing so much perfume, you are stinking up the room] ="
680,"Determine the whether the tweet enclosed in square brackets is sarcastic or non-sarcastic,
            and return the answer as the corresponding label ""1"" for sarcastic or ""0"" for non-sarcastic.

            [More than our fair share of pelters in this section tonight üôÑ] ="
695,"Determine the whether the tweet enclosed in square brackets is sarcastic or non-sarcastic,
            and return the answer as the corresponding label ""1"" for sarcastic or ""0"" for non-sarcastic.

            [Worst side thats been at the Carra this season. Gash üò°] ="
699,"Determine the whether the tweet enclosed in square brackets is sarcastic or non-sarcastic,
            and return the answer as the corresponding label ""1"" for sarcastic or ""0"" for non-sarcastic.

            [When you hear Mike Dean is on VAR you know what happens next. He tried desperately to cancel our shout for a penalty.] ="
700,"Determine the whether the tweet enclosed in square brackets is sarcastic or non-sarcastic,
            and return the answer as the corresponding label ""1"" for sarcastic or ""0"" for non-sarcastic.

            [Bercow doesn't hold back, does he?] ="
707,"Determine the whether the tweet enclosed in square brackets is sarcastic or non-sarcastic,
            and return the answer as the corresponding label ""1"" for sarcastic or ""0"" for non-sarcastic.

            [There‚Äôs nothing wrong with eating a whole Camembert yourself, right?] ="
715,"Determine the whether the tweet enclosed in square brackets is sarcastic or non-sarcastic,
            and return the answer as the corresponding label ""1"" for sarcastic or ""0"" for non-sarcastic.

            [If Liverpool play heavy metal football, on this performance United are playing John Lewis Xmas cover version football.] ="
716,"Determine the whether the tweet enclosed in square brackets is sarcastic or non-sarcastic,
            and return the answer as the corresponding label ""1"" for sarcastic or ""0"" for non-sarcastic.

            [I was thinking perhaps we may have been oversaturated with Keanu, but I was wrong. Shame on me.] ="
718,"Determine the whether the tweet enclosed in square brackets is sarcastic or non-sarcastic,
            and return the answer as the corresponding label ""1"" for sarcastic or ""0"" for non-sarcastic.

            [That isn‚Äôt one of your shots is it mate!?] ="
720,"Determine the whether the tweet enclosed in square brackets is sarcastic or non-sarcastic,
            and return the answer as the corresponding label ""1"" for sarcastic or ""0"" for non-sarcastic.

            [Johnston picks the wrong option again] ="
722,"Determine the whether the tweet enclosed in square brackets is sarcastic or non-sarcastic,
            and return the answer as the corresponding label ""1"" for sarcastic or ""0"" for non-sarcastic.

            [Just been refused some headache tables because apparently I look younger than 16. Sixteen. Six. Teen.] ="
726,"Determine the whether the tweet enclosed in square brackets is sarcastic or non-sarcastic,
            and return the answer as the corresponding label ""1"" for sarcastic or ""0"" for non-sarcastic.

            [Name something that blew up more than QR codes during COVID jeesh everywhere] ="
729,"Determine the whether the tweet enclosed in square brackets is sarcastic or non-sarcastic,
            and return the answer as the corresponding label ""1"" for sarcastic or ""0"" for non-sarcastic.

            [Today, I lost a follower because I said I was unwell.

Dontcha love Twitter.] ="
731,"Determine the whether the tweet enclosed in square brackets is sarcastic or non-sarcastic,
            and return the answer as the corresponding label ""1"" for sarcastic or ""0"" for non-sarcastic.

            [Just get ahead of Mclaren and cement that third place tomorrow lads üí™üèªüèéüèé] ="
732,"Determine the whether the tweet enclosed in square brackets is sarcastic or non-sarcastic,
            and return the answer as the corresponding label ""1"" for sarcastic or ""0"" for non-sarcastic.

            [It‚Äôs just getting a bit awkward innit‚Ä¶.] ="
734,"Determine the whether the tweet enclosed in square brackets is sarcastic or non-sarcastic,
            and return the answer as the corresponding label ""1"" for sarcastic or ""0"" for non-sarcastic.

            [Absolutely shocking from grealish. Take him off] ="
748,"Determine the whether the tweet enclosed in square brackets is sarcastic or non-sarcastic,
            and return the answer as the corresponding label ""1"" for sarcastic or ""0"" for non-sarcastic.

            [How are you not even going to have a look and review that!? Absolute joke] ="
753,"Determine the whether the tweet enclosed in square brackets is sarcastic or non-sarcastic,
            and return the answer as the corresponding label ""1"" for sarcastic or ""0"" for non-sarcastic.

            [You don't what the Europa Conference League is well your probably not going to like it. 
You team didn't do their best to avoid it did they really ü§£ü§£] ="
763,"Determine the whether the tweet enclosed in square brackets is sarcastic or non-sarcastic,
            and return the answer as the corresponding label ""1"" for sarcastic or ""0"" for non-sarcastic.

            [That flat had been completely trashed by Theresa May.] ="
785,"Determine the whether the tweet enclosed in square brackets is sarcastic or non-sarcastic,
            and return the answer as the corresponding label ""1"" for sarcastic or ""0"" for non-sarcastic.

            [Because of lying MSM UNIONS AND ACTIVIST NURSES DOCTORS ü§¨ü¶†üò°] ="
787,"Determine the whether the tweet enclosed in square brackets is sarcastic or non-sarcastic,
            and return the answer as the corresponding label ""1"" for sarcastic or ""0"" for non-sarcastic.

            [Is that the ¬£350m a week the Brexit leavers promised the NHS?
Asking for a country.] ="
790,"Determine the whether the tweet enclosed in square brackets is sarcastic or non-sarcastic,
            and return the answer as the corresponding label ""1"" for sarcastic or ""0"" for non-sarcastic.

            [What I love about this iconic scene is that Geri proved that‚Äôs it‚Äôs possible to overact, whilst being unable to actually act. That‚Äôs pretty fascinating.] ="
791,"Determine the whether the tweet enclosed in square brackets is sarcastic or non-sarcastic,
            and return the answer as the corresponding label ""1"" for sarcastic or ""0"" for non-sarcastic.

            [New years resolution this year is to pick up some more self distinctive habits.] ="
795,"Determine the whether the tweet enclosed in square brackets is sarcastic or non-sarcastic,
            and return the answer as the corresponding label ""1"" for sarcastic or ""0"" for non-sarcastic.

            [Seems like a good time as any to try out this The Matrix thingy] ="
796,"Determine the whether the tweet enclosed in square brackets is sarcastic or non-sarcastic,
            and return the answer as the corresponding label ""1"" for sarcastic or ""0"" for non-sarcastic.

            [Big enough tae calm him a fenian, big enough to get a belt in the jaw!] ="
810,"Determine the whether the tweet enclosed in square brackets is sarcastic or non-sarcastic,
            and return the answer as the corresponding label ""1"" for sarcastic or ""0"" for non-sarcastic.

            [That away end was almost as bad as Rashford] ="
821,"Determine the whether the tweet enclosed in square brackets is sarcastic or non-sarcastic,
            and return the answer as the corresponding label ""1"" for sarcastic or ""0"" for non-sarcastic.

            [Maybe should have thought of that last year lads] ="
823,"Determine the whether the tweet enclosed in square brackets is sarcastic or non-sarcastic,
            and return the answer as the corresponding label ""1"" for sarcastic or ""0"" for non-sarcastic.

            [This doesn‚Äôt even make sense. Stop digging..] ="
825,"Determine the whether the tweet enclosed in square brackets is sarcastic or non-sarcastic,
            and return the answer as the corresponding label ""1"" for sarcastic or ""0"" for non-sarcastic.

            [Ugh! Can‚Äôt believe my back has gone at the start of my annual leave üò© at this point I just need putting down] ="
826,"Determine the whether the tweet enclosed in square brackets is sarcastic or non-sarcastic,
            and return the answer as the corresponding label ""1"" for sarcastic or ""0"" for non-sarcastic.

            [""Please remember to take your belongings with you""

Well, I might, if you ever let me off this infernal train...] ="
849,"Determine the whether the tweet enclosed in square brackets is sarcastic or non-sarcastic,
            and return the answer as the corresponding label ""1"" for sarcastic or ""0"" for non-sarcastic.

            [I‚Äôll wait to start Christmas shopping then. Just in case, you know.] ="
850,"Determine the whether the tweet enclosed in square brackets is sarcastic or non-sarcastic,
            and return the answer as the corresponding label ""1"" for sarcastic or ""0"" for non-sarcastic.

            [Some girls at Michelangelo‚Äôs talking about how they want a frat baby i love Madison] ="
853,"Determine the whether the tweet enclosed in square brackets is sarcastic or non-sarcastic,
            and return the answer as the corresponding label ""1"" for sarcastic or ""0"" for non-sarcastic.

            [Funny. I‚Äôve wanted him to leave since about three months after his debut.] ="
854,"Determine the whether the tweet enclosed in square brackets is sarcastic or non-sarcastic,
            and return the answer as the corresponding label ""1"" for sarcastic or ""0"" for non-sarcastic.

            [And when he leaves, don't bring him to United üëç 
Don't forget to have an auction for Pogba too] ="
878,"Determine the whether the tweet enclosed in square brackets is sarcastic or non-sarcastic,
            and return the answer as the corresponding label ""1"" for sarcastic or ""0"" for non-sarcastic.

            [I will be following the new rules event though the rule makers have never done the same despite their promises.] ="
881,"Determine the whether the tweet enclosed in square brackets is sarcastic or non-sarcastic,
            and return the answer as the corresponding label ""1"" for sarcastic or ""0"" for non-sarcastic.

            [I‚Äôm so glad the entire world got to watch the Vikings play last night. 

That‚Äôs an average game: goes well but ends up blowing it, getting into an unnecessarily tense situation.] ="
885,"Determine the whether the tweet enclosed in square brackets is sarcastic or non-sarcastic,
            and return the answer as the corresponding label ""1"" for sarcastic or ""0"" for non-sarcastic.

            [‚ÄúYou‚Äôre English right?‚Äù
‚ÄúYeah, big time‚Äù] ="
893,"Determine the whether the tweet enclosed in square brackets is sarcastic or non-sarcastic,
            and return the answer as the corresponding label ""1"" for sarcastic or ""0"" for non-sarcastic.

            [Right, pack it in. I was smug with my Bernardo differential.] ="
898,"Determine the whether the tweet enclosed in square brackets is sarcastic or non-sarcastic,
            and return the answer as the corresponding label ""1"" for sarcastic or ""0"" for non-sarcastic.

            [I would say: I think it's funny that somebody decides to resign because they went to a party that they made out never happened, when it actually did! Resigning does not make the situation acceptable!] ="
908,"Determine the whether the tweet enclosed in square brackets is sarcastic or non-sarcastic,
            and return the answer as the corresponding label ""1"" for sarcastic or ""0"" for non-sarcastic.

            [BBC reporting on daily covid cases now how convenientü§£] ="
918,"Determine the whether the tweet enclosed in square brackets is sarcastic or non-sarcastic,
            and return the answer as the corresponding label ""1"" for sarcastic or ""0"" for non-sarcastic.

            [nevermind i can‚Äôt put them in] ="
931,"Determine the whether the tweet enclosed in square brackets is sarcastic or non-sarcastic,
            and return the answer as the corresponding label ""1"" for sarcastic or ""0"" for non-sarcastic.

            [Tell people that most likely it will end up being burnt in an existing or planned incinerator ‚Ä¶ üî•] ="
937,"Determine the whether the tweet enclosed in square brackets is sarcastic or non-sarcastic,
            and return the answer as the corresponding label ""1"" for sarcastic or ""0"" for non-sarcastic.

            [Research suggest a major wave of a less serious disease in January, quick lockdown now to keep up the pretence that this is about public health not cash] ="
939,"Determine the whether the tweet enclosed in square brackets is sarcastic or non-sarcastic,
            and return the answer as the corresponding label ""1"" for sarcastic or ""0"" for non-sarcastic.

            [Group of lads in a pub in Sheff just shouted SIUUU. Wish that asteroid would hit] ="
961,"Determine the whether the tweet enclosed in square brackets is sarcastic or non-sarcastic,
            and return the answer as the corresponding label ""1"" for sarcastic or ""0"" for non-sarcastic.

            [Aha, my thoughts exactly. We are on which day now of the ‚Äúvacation‚Äù?] ="
967,"Determine the whether the tweet enclosed in square brackets is sarcastic or non-sarcastic,
            and return the answer as the corresponding label ""1"" for sarcastic or ""0"" for non-sarcastic.

            [it doesn‚Äôt need a consultation. Just ban it üôÉ] ="
970,"Determine the whether the tweet enclosed in square brackets is sarcastic or non-sarcastic,
            and return the answer as the corresponding label ""1"" for sarcastic or ""0"" for non-sarcastic.

            [This is the weather for a leather shoot. üòÖ] ="
973,"Determine the whether the tweet enclosed in square brackets is sarcastic or non-sarcastic,
            and return the answer as the corresponding label ""1"" for sarcastic or ""0"" for non-sarcastic.

            [Darrell covers all seasons‚Ä¶‚Ä¶‚Ä¶. Mostly with masking tape. üòÇüòÇ] ="
976,"Determine the whether the tweet enclosed in square brackets is sarcastic or non-sarcastic,
            and return the answer as the corresponding label ""1"" for sarcastic or ""0"" for non-sarcastic.

            [SUPER COOPER WEARS THE GARIBALDI] ="
1000,"Determine the whether the tweet enclosed in square brackets is sarcastic or non-sarcastic,
            and return the answer as the corresponding label ""1"" for sarcastic or ""0"" for non-sarcastic.

            [skype calls and cash meets available today in MCR feeling so hungover and extra mean hahaha DM if you to be violatedüì•üòà

findom paypig finsub humanATM cashcow moneyslave cashslave femdom findomme footfetish footworship footslave skype cashapp cashmeets] ="
1005,"Determine the whether the tweet enclosed in square brackets is sarcastic or non-sarcastic,
            and return the answer as the corresponding label ""1"" for sarcastic or ""0"" for non-sarcastic.

            [You are looking wonderful for your age.] ="
1008,"Determine the whether the tweet enclosed in square brackets is sarcastic or non-sarcastic,
            and return the answer as the corresponding label ""1"" for sarcastic or ""0"" for non-sarcastic.

            [I hate wearing a face mask on public. I can't believe that the government have 'reintroduced having to wear them] ="
1012,"Determine the whether the tweet enclosed in square brackets is sarcastic or non-sarcastic,
            and return the answer as the corresponding label ""1"" for sarcastic or ""0"" for non-sarcastic.

            [I went for the most communist possible speech in the Android declaration in D:BH] ="
1014,"Determine the whether the tweet enclosed in square brackets is sarcastic or non-sarcastic,
            and return the answer as the corresponding label ""1"" for sarcastic or ""0"" for non-sarcastic.

            [What people?
How do you storm a Megadeth song?] ="
1030,"Determine the whether the tweet enclosed in square brackets is sarcastic or non-sarcastic,
            and return the answer as the corresponding label ""1"" for sarcastic or ""0"" for non-sarcastic.

            [Ok, we‚Äôll what do I know eh? ü§£] ="
1055,"Determine the whether the tweet enclosed in square brackets is sarcastic or non-sarcastic,
            and return the answer as the corresponding label ""1"" for sarcastic or ""0"" for non-sarcastic.

            [Hahahaha, get the sleeves rolled up get all the extra poison into your body ü§£] ="
1062,"Determine the whether the tweet enclosed in square brackets is sarcastic or non-sarcastic,
            and return the answer as the corresponding label ""1"" for sarcastic or ""0"" for non-sarcastic.

            [McTominay the best player on the park again. Interesting as Twitter would have you believe he should be playing league two.] ="
1063,"Determine the whether the tweet enclosed in square brackets is sarcastic or non-sarcastic,
            and return the answer as the corresponding label ""1"" for sarcastic or ""0"" for non-sarcastic.

            [It's a good job we dropped Beese isn't it ü§∑üèª‚Äç‚ôÄÔ∏è] ="
1066,"Determine the whether the tweet enclosed in square brackets is sarcastic or non-sarcastic,
            and return the answer as the corresponding label ""1"" for sarcastic or ""0"" for non-sarcastic.

            [How convenient, just when Bobby‚Äôs back] ="
1071,"Determine the whether the tweet enclosed in square brackets is sarcastic or non-sarcastic,
            and return the answer as the corresponding label ""1"" for sarcastic or ""0"" for non-sarcastic.

            [Gooch must have scored a few on ""96] ="
1081,"Determine the whether the tweet enclosed in square brackets is sarcastic or non-sarcastic,
            and return the answer as the corresponding label ""1"" for sarcastic or ""0"" for non-sarcastic.

            [Hello John, sorry, I am in Beijing on the agreed annual leave and have only just received your text. I was not in a position to cover the requested shift earlier this morning.] ="
1095,"Determine the whether the tweet enclosed in square brackets is sarcastic or non-sarcastic,
            and return the answer as the corresponding label ""1"" for sarcastic or ""0"" for non-sarcastic.

            [I nominate this numb nut to have his citizenship revoked. You??] ="
1098,"Determine the whether the tweet enclosed in square brackets is sarcastic or non-sarcastic,
            and return the answer as the corresponding label ""1"" for sarcastic or ""0"" for non-sarcastic.

            [I see itv are starting a new crime drama next week. It doesn't look very original.] ="
1102,"Determine the whether the tweet enclosed in square brackets is sarcastic or non-sarcastic,
            and return the answer as the corresponding label ""1"" for sarcastic or ""0"" for non-sarcastic.

            [Nice collective Boo for Boris during our set last night üëåüèº] ="
1104,"Determine the whether the tweet enclosed in square brackets is sarcastic or non-sarcastic,
            and return the answer as the corresponding label ""1"" for sarcastic or ""0"" for non-sarcastic.

            [I just know the government is gonna lock us all down in spite because they can‚Äôt have their Xmas party] ="
1107,"Determine the whether the tweet enclosed in square brackets is sarcastic or non-sarcastic,
            and return the answer as the corresponding label ""1"" for sarcastic or ""0"" for non-sarcastic.

            [Big shout out to everyone who voted for the Tories last election.] ="
1115,"Determine the whether the tweet enclosed in square brackets is sarcastic or non-sarcastic,
            and return the answer as the corresponding label ""1"" for sarcastic or ""0"" for non-sarcastic.

            [Here mate, take a pic of me Cus ronaldo scored and make sure I have my pint of coors in my hand. Nonce] ="
1116,"Determine the whether the tweet enclosed in square brackets is sarcastic or non-sarcastic,
            and return the answer as the corresponding label ""1"" for sarcastic or ""0"" for non-sarcastic.

            [The state of the LOTO, so many open goals missed. But hey let's remove all the democratic socialists from the Labour Party instead.] ="
1123,"Determine the whether the tweet enclosed in square brackets is sarcastic or non-sarcastic,
            and return the answer as the corresponding label ""1"" for sarcastic or ""0"" for non-sarcastic.

            [Why do you think vaccines are harmless but you are a massive coke head at the same time?] ="
1124,"Determine the whether the tweet enclosed in square brackets is sarcastic or non-sarcastic,
            and return the answer as the corresponding label ""1"" for sarcastic or ""0"" for non-sarcastic.

            [i go to my mums at every opportunity what was the absolute point in me moving out] ="
1126,"Determine the whether the tweet enclosed in square brackets is sarcastic or non-sarcastic,
            and return the answer as the corresponding label ""1"" for sarcastic or ""0"" for non-sarcastic.

            [MoM De Gea at bottom of the league Norwich] ="
1154,"Determine the whether the tweet enclosed in square brackets is sarcastic or non-sarcastic,
            and return the answer as the corresponding label ""1"" for sarcastic or ""0"" for non-sarcastic.

            [Well this is awesome news to wake up to!] ="
1160,"Determine the whether the tweet enclosed in square brackets is sarcastic or non-sarcastic,
            and return the answer as the corresponding label ""1"" for sarcastic or ""0"" for non-sarcastic.

            [FRIYAY except that I‚Äôm working until 10pm üëçüèª] ="
1162,"Determine the whether the tweet enclosed in square brackets is sarcastic or non-sarcastic,
            and return the answer as the corresponding label ""1"" for sarcastic or ""0"" for non-sarcastic.

            [Leak the Xmas banger from Sark] ="
1173,"Determine the whether the tweet enclosed in square brackets is sarcastic or non-sarcastic,
            and return the answer as the corresponding label ""1"" for sarcastic or ""0"" for non-sarcastic.

            [Loving the fact Carlton Cole knows longelos mum ü§£ü§£ü§£] ="
1189,"Determine the whether the tweet enclosed in square brackets is sarcastic or non-sarcastic,
            and return the answer as the corresponding label ""1"" for sarcastic or ""0"" for non-sarcastic.

            [Went to McDonalds today, unfortunately there was a long wait, which meant that my food was cold and not like the photo in the restaurant] ="
1192,"Determine the whether the tweet enclosed in square brackets is sarcastic or non-sarcastic,
            and return the answer as the corresponding label ""1"" for sarcastic or ""0"" for non-sarcastic.

            [Oh dear.  Didn't see this coming.... but we did.] ="
1203,"Determine the whether the tweet enclosed in square brackets is sarcastic or non-sarcastic,
            and return the answer as the corresponding label ""1"" for sarcastic or ""0"" for non-sarcastic.

            [I went to a terrible restaurant today. The food was cold and hard. The flavor was awful to the point where I needed a drink after each bite.] ="
1207,"Determine the whether the tweet enclosed in square brackets is sarcastic or non-sarcastic,
            and return the answer as the corresponding label ""1"" for sarcastic or ""0"" for non-sarcastic.

            [Ring Spurs Managers they will fill you in Brendan ladüëçüèª] ="
1212,"Determine the whether the tweet enclosed in square brackets is sarcastic or non-sarcastic,
            and return the answer as the corresponding label ""1"" for sarcastic or ""0"" for non-sarcastic.

            [Having Five Minutes Peace in the car before chaos ensues. I'm taking FIVE seven year olds bowling after school. On my own. What could possibly go wrong?] ="
1219,"Determine the whether the tweet enclosed in square brackets is sarcastic or non-sarcastic,
            and return the answer as the corresponding label ""1"" for sarcastic or ""0"" for non-sarcastic.

            [7:41am and there's a young lad getting off a train with a pint can of Stella and a super king. Those were the days üòÇ] ="
1227,"Determine the whether the tweet enclosed in square brackets is sarcastic or non-sarcastic,
            and return the answer as the corresponding label ""1"" for sarcastic or ""0"" for non-sarcastic.

            [5 penalty 1234 places 15 points gifted by Ref üñêVAR Corrupt SKY League] ="
1232,"Determine the whether the tweet enclosed in square brackets is sarcastic or non-sarcastic,
            and return the answer as the corresponding label ""1"" for sarcastic or ""0"" for non-sarcastic.

            [Not ghana saying you need to be fully vaccinated to enter ü•¥üòÇ] ="
1238,"Determine the whether the tweet enclosed in square brackets is sarcastic or non-sarcastic,
            and return the answer as the corresponding label ""1"" for sarcastic or ""0"" for non-sarcastic.

            [""daaaad, tell bobby to quick looking at me"".] ="
1241,"Determine the whether the tweet enclosed in square brackets is sarcastic or non-sarcastic,
            and return the answer as the corresponding label ""1"" for sarcastic or ""0"" for non-sarcastic.

            [I would say to enable Man United to have won this game they would have needed to play better and take more shots on the Chelsea goal.] ="
1251,"Determine the whether the tweet enclosed in square brackets is sarcastic or non-sarcastic,
            and return the answer as the corresponding label ""1"" for sarcastic or ""0"" for non-sarcastic.

            [Otters... are Rotters!] ="
1254,"Determine the whether the tweet enclosed in square brackets is sarcastic or non-sarcastic,
            and return the answer as the corresponding label ""1"" for sarcastic or ""0"" for non-sarcastic.

            [Pogba FC want him to stay still ü§£] ="
1272,"Determine the whether the tweet enclosed in square brackets is sarcastic or non-sarcastic,
            and return the answer as the corresponding label ""1"" for sarcastic or ""0"" for non-sarcastic.

            [So true. Shocking yet not surprising üò°] ="
1298,"Determine the whether the tweet enclosed in square brackets is sarcastic or non-sarcastic,
            and return the answer as the corresponding label ""1"" for sarcastic or ""0"" for non-sarcastic.

            [So looking forward to our training event today] ="
1299,"Determine the whether the tweet enclosed in square brackets is sarcastic or non-sarcastic,
            and return the answer as the corresponding label ""1"" for sarcastic or ""0"" for non-sarcastic.

            [Haha but it‚Äôs all coming to an end? Justice will prevail,of that I‚Äôm sure? Plus every dog, gets their day haha üòâ] ="
1300,"Determine the whether the tweet enclosed in square brackets is sarcastic or non-sarcastic,
            and return the answer as the corresponding label ""1"" for sarcastic or ""0"" for non-sarcastic.

            [üôàüôànitey nite twitter.
I‚Äôm done now with all the bad news.
Have a good evening all x] ="
1301,"Determine the whether the tweet enclosed in square brackets is sarcastic or non-sarcastic,
            and return the answer as the corresponding label ""1"" for sarcastic or ""0"" for non-sarcastic.

            [Neil you need to stop putting nonsense like this out what medical qualifications have you got why all know that these vaccines reduce deaths by a large margin] ="
1302,"Determine the whether the tweet enclosed in square brackets is sarcastic or non-sarcastic,
            and return the answer as the corresponding label ""1"" for sarcastic or ""0"" for non-sarcastic.

            [All I‚Äôm asking is for Glasgow uni law to stop giving formatives and practices which are not related to how the exam is structured at all üòÄüòÄ] ="
1304,"Determine the whether the tweet enclosed in square brackets is sarcastic or non-sarcastic,
            and return the answer as the corresponding label ""1"" for sarcastic or ""0"" for non-sarcastic.

            [Ma'am this is a bnb why are you decorating this man's Christmas tree with his child] ="
1309,"Determine the whether the tweet enclosed in square brackets is sarcastic or non-sarcastic,
            and return the answer as the corresponding label ""1"" for sarcastic or ""0"" for non-sarcastic.

            [Got back from the shop only to realise the milk I just bought is already out of date :(] ="
1318,"Determine the whether the tweet enclosed in square brackets is sarcastic or non-sarcastic,
            and return the answer as the corresponding label ""1"" for sarcastic or ""0"" for non-sarcastic.

            [Tell me something I don't know!] ="
1321,"Determine the whether the tweet enclosed in square brackets is sarcastic or non-sarcastic,
            and return the answer as the corresponding label ""1"" for sarcastic or ""0"" for non-sarcastic.

            [This is the next Tory of honour and integrity who is lining herself up to succeed Johnson.] ="
1323,"Determine the whether the tweet enclosed in square brackets is sarcastic or non-sarcastic,
            and return the answer as the corresponding label ""1"" for sarcastic or ""0"" for non-sarcastic.

            [Sorry matey you are totally out of your depth and display no understanding whatsoever, stick to tiddlywinks!] ="
1325,"Determine the whether the tweet enclosed in square brackets is sarcastic or non-sarcastic,
            and return the answer as the corresponding label ""1"" for sarcastic or ""0"" for non-sarcastic.

            [Smashing records and recently won a race by 38 seconds.

Does anyone genuinely think this is fair?] ="
1329,"Determine the whether the tweet enclosed in square brackets is sarcastic or non-sarcastic,
            and return the answer as the corresponding label ""1"" for sarcastic or ""0"" for non-sarcastic.

            [This guy put the clown in off and will be the one to get him sacked] ="
1333,"Determine the whether the tweet enclosed in square brackets is sarcastic or non-sarcastic,
            and return the answer as the corresponding label ""1"" for sarcastic or ""0"" for non-sarcastic.

            [How many jabs do you want us to have? 10? 20?] ="
1349,"Determine the whether the tweet enclosed in square brackets is sarcastic or non-sarcastic,
            and return the answer as the corresponding label ""1"" for sarcastic or ""0"" for non-sarcastic.

            [How can u be a footballer and STILL look like a full on junkie] ="
1360,"Determine the whether the tweet enclosed in square brackets is sarcastic or non-sarcastic,
            and return the answer as the corresponding label ""1"" for sarcastic or ""0"" for non-sarcastic.

            [Birmingham city will definitely not be getting promoted this season.] ="
1365,"Determine the whether the tweet enclosed in square brackets is sarcastic or non-sarcastic,
            and return the answer as the corresponding label ""1"" for sarcastic or ""0"" for non-sarcastic.

            [This bad weather just will not let up.  All my possessions are ruined and I have to move house.] ="
1366,"Determine the whether the tweet enclosed in square brackets is sarcastic or non-sarcastic,
            and return the answer as the corresponding label ""1"" for sarcastic or ""0"" for non-sarcastic.

            [My language matching our performance.
One more outburst and I'm have an early bath] ="
1370,"Determine the whether the tweet enclosed in square brackets is sarcastic or non-sarcastic,
            and return the answer as the corresponding label ""1"" for sarcastic or ""0"" for non-sarcastic.

            [Yes, I am waiting for the bus, thank you.] ="
1382,"Determine the whether the tweet enclosed in square brackets is sarcastic or non-sarcastic,
            and return the answer as the corresponding label ""1"" for sarcastic or ""0"" for non-sarcastic.

            [He bottled throwing the headband on the floor again üòÇ] ="
1386,"Determine the whether the tweet enclosed in square brackets is sarcastic or non-sarcastic,
            and return the answer as the corresponding label ""1"" for sarcastic or ""0"" for non-sarcastic.

            [About time that Number 10 cancelled their Christmas Party this year after last year's frivolities when in lockdown.] ="
1395,"Determine the whether the tweet enclosed in square brackets is sarcastic or non-sarcastic,
            and return the answer as the corresponding label ""1"" for sarcastic or ""0"" for non-sarcastic.

            [How can we possibly be considering vaccine mandates?  Are those who will be enforcing, just following orders? ] ="
